Date,Mkt-RF,SMB,HML,RF
2022-01-03,0.0072,0.0034999999999999996,0.0077,0.0
2022-01-04,-0.0027,-0.008100000000000001,0.0364,0.0
2022-01-05,-0.0226,-0.0146,0.0258,0.0
2022-01-06,0.0,0.0021,0.0176,0.0
2022-01-07,-0.0049,-0.0132,0.0202,0.0
2022-01-10,-0.0014000000000000002,-0.0024,-0.0027,0.0
2022-01-11,0.0108,-0.0009,-0.0027,0.0
2022-01-12,0.0013,-0.0089,0.0052,0.0
2022-01-13,-0.0155,0.0032,0.0239,0.0
2022-01-14,0.0008,0.0018,0.0055000000000000005,0.0
2022-01-18,-0.0207,-0.0104,0.0138,0.0
2022-01-19,-0.0102,-0.0032,-0.0067,0.0
2022-01-20,-0.0115,-0.0086,-0.0023,0.0
2022-01-21,-0.0209,0.0028000000000000004,0.004699999999999999,0.0
2022-01-24,0.0054,0.0181,-0.0025,0.0
2022-01-25,-0.014199999999999999,-0.0060999999999999995,0.027999999999999997,0.0
2022-01-26,-0.0029,-0.010700000000000001,0.001,0.0
2022-01-27,-0.0076,-0.0165,0.0083,0.0
2022-01-28,0.0246,-0.0015,-0.0208,0.0
2022-01-31,0.0232,0.0131,-0.0287,0.0
2022-02-01,0.0087,0.0006,0.006500000000000001,0.0
2022-02-02,0.0051,-0.0173,0.006999999999999999,0.0
2022-02-03,-0.024900000000000002,-0.0006,0.0219,0.0
2022-02-04,0.0089,-0.0002,-0.006,0.0
2022-02-07,-0.0024,0.0055000000000000005,0.002,0.0
2022-02-08,0.0102,0.0068000000000000005,-0.0029,0.0
2022-02-09,0.016,0.0024,-0.0196,0.0
2022-02-10,-0.0169,-0.0014000000000000002,0.0123,0.0
2022-02-11,-0.0191,0.0060999999999999995,0.0213,0.0
2022-02-14,-0.0034999999999999996,0.0022,-0.0062,0.0
2022-02-15,0.018500000000000003,0.0131,-0.0141,0.0
2022-02-16,-0.0002,-0.001,0.0032,0.0
2022-02-17,-0.0229,-0.003,0.0115,0.0
2022-02-18,-0.0085,-0.0009,0.0095,0.0
2022-02-22,-0.011699999999999999,-0.0048,0.0009,0.0
2022-02-23,-0.0196,-0.002,0.0125,0.0
2022-02-24,0.0187,0.015,-0.0388,0.0
2022-02-25,0.022400000000000003,-0.0042,0.011899999999999999,0.0
2022-02-28,0.0003,0.0063,-0.0046,0.0
2022-03-01,-0.0155,-0.0011,-0.0085,0.0
2022-03-02,0.0182,0.0046,0.013000000000000001,0.0
2022-03-03,-0.0086,-0.005699999999999999,0.0151,0.0
2022-03-04,-0.0109,-0.0067,0.0072,0.0
2022-03-07,-0.031400000000000004,0.0058,0.0089,0.0
2022-03-08,-0.0053,0.0103,0.003,0.0
2022-03-09,0.0279,0.0036,-0.0217,0.0
2022-03-10,-0.004699999999999999,0.0011,0.0118,0.0
2022-03-11,-0.0148,-0.0044,0.0176,0.0
2022-03-14,-0.0104,-0.0134,0.0179,0.0
2022-03-15,0.0215,-0.0015,-0.023700000000000002,0.0
2022-03-16,0.026000000000000002,0.008,-0.018500000000000003,0.0
2022-03-17,0.014199999999999999,0.0029,-0.0106,0.0
2022-03-18,0.0132,0.0028000000000000004,-0.0187,0.0
2022-03-21,-0.0017000000000000001,-0.011200000000000002,0.016399999999999998,0.0
2022-03-22,0.013000000000000001,0.0005,-0.011899999999999999,0.0
2022-03-23,-0.0126,-0.0064,0.004,0.0
2022-03-24,0.014199999999999999,-0.0008,-0.008199999999999999,0.0
2022-03-25,0.0028000000000000004,-0.0059,0.0219,0.0
2022-03-28,0.0073,-0.005600000000000001,-0.0172,0.0
2022-03-29,0.0143,0.015300000000000001,-0.0192,0.0
2022-03-30,-0.008199999999999999,-0.0129,0.004,0.0
2022-03-31,-0.0154,0.0072,-0.0045000000000000005,0.0
2022-04-01,0.0039000000000000003,0.006999999999999999,-0.0060999999999999995,0.0
2022-04-04,0.009300000000000001,-0.0006,-0.018600000000000002,0.0
2022-04-05,-0.015300000000000001,-0.0096,0.008199999999999999,0.0
2022-04-06,-0.0123,-0.0066,0.0108,0.0
2022-04-07,0.0034000000000000002,-0.0060999999999999995,-0.0012,0.0
2022-04-08,-0.0038,-0.009899999999999999,0.0227,0.0
2022-04-11,-0.0154,0.0029,0.0105,0.0
2022-04-12,-0.0029,0.0054,0.004699999999999999,0.0
2022-04-13,0.0139,0.0092,-0.0070999999999999995,0.0
2022-04-14,-0.0128,0.0002,0.0143,0.0
2022-04-18,-0.0019,-0.008100000000000001,0.018000000000000002,0.0
2022-04-19,0.0176,0.0059,-0.0097,0.0
2022-04-20,-0.0027,0.002,0.0126,0.0
2022-04-21,-0.0173,-0.0073,0.0040999999999999995,0.0
2022-04-22,-0.0274,0.0033,-0.0018,0.0
2022-04-25,0.006999999999999999,0.0044,-0.018600000000000002,0.0
2022-04-26,-0.029900000000000003,-0.0068000000000000005,0.018000000000000002,0.0
2022-04-27,0.0013,-0.0060999999999999995,0.0034000000000000002,0.0
2022-04-28,0.0245,-0.0019,-0.0042,0.0
2022-04-29,-0.0354,0.0074,0.0060999999999999995,0.0
2022-05-02,0.008,0.006,-0.0116,1e-05
2022-05-03,0.0040999999999999995,-0.0017000000000000001,0.0165,1e-05
2022-05-04,0.0301,-0.0045000000000000005,0.0024,1e-05
2022-05-05,-0.038,-0.0079,0.023700000000000002,1e-05
2022-05-06,-0.0085,-0.0134,0.0184,1e-05
2022-05-09,-0.0352,-0.0051,0.013300000000000001,1e-05
2022-05-10,0.0022,-0.0022,-0.012199999999999999,1e-05
2022-05-11,-0.019299999999999998,-0.0113,0.026099999999999998,1e-05
2022-05-12,0.0015,0.0129,-0.0123,1e-05
2022-05-13,0.0274,0.0088,-0.0218,1e-05
2022-05-16,-0.0059,-0.002,0.0131,1e-05
2022-05-17,0.0213,0.0096,-0.0005,1e-05
2022-05-18,-0.0406,0.0021,0.0154,1e-05
2022-05-19,-0.0034000000000000002,0.0049,-0.008100000000000001,1e-05
2022-05-20,-0.0005,-0.0011,-0.0019,1e-05
2022-05-23,0.0175,-0.0106,0.0131,1e-05
2022-05-24,-0.0121,-0.0092,0.0183,1e-05
2022-05-25,0.0121,0.0079,0.002,1e-05
2022-05-26,0.0218,0.0019,-0.0060999999999999995,1e-05
2022-05-27,0.0258,0.0036,-0.0128,1e-05
2022-05-31,-0.0070999999999999995,-0.005,0.0046,1e-05
2022-06-01,-0.0074,0.002,0.008,3e-05
2022-06-02,0.0209,0.0084,-0.0208,3e-05
2022-06-03,-0.0163,0.0085,0.0055000000000000005,3e-05
2022-06-06,0.0033,-0.0002,0.0066,3e-05
2022-06-07,0.01,0.0033,-0.0015,3e-05
2022-06-08,-0.0102,-0.0009,-0.0053,3e-05
2022-06-09,-0.024300000000000002,0.0032,0.0026,3e-05
2022-06-10,-0.03,0.0009,0.0066,3e-05
2022-06-13,-0.0412,-0.006500000000000001,0.006,3e-05
2022-06-14,-0.0026,0.0022,0.0011,3e-05
2022-06-15,0.0155,0.0028000000000000004,-0.0167,3e-05
2022-06-16,-0.0352,-0.0118,0.0,3e-05
2022-06-17,0.0045000000000000005,0.0111,-0.0268,3e-05
2022-06-21,0.023799999999999998,-0.0076,0.0024,3e-05
2022-06-22,-0.0019,0.002,-0.0182,3e-05
2022-06-23,0.011200000000000002,0.008,-0.038900000000000004,3e-05
2022-06-24,0.0313,-0.0039000000000000003,-0.0002,3e-05
2022-06-27,-0.0027,0.005600000000000001,0.0125,3e-05
2022-06-28,-0.0209,-0.0036,0.024,3e-05
2022-06-29,-0.0019,-0.0044,-0.0134,3e-05
2022-06-30,-0.0096,0.0040999999999999995,-0.0014000000000000002,3e-05
2022-07-01,0.0115,0.0003,0.0012,4e-05
2022-07-05,0.0048,0.0183,-0.0334,4e-05
2022-07-06,0.0017000000000000001,-0.0075,-0.0076,4e-05
2022-07-07,0.0176,0.009899999999999999,-0.0095,4e-05
2022-07-08,-0.0007000000000000001,0.0012,-0.0008,4e-05
2022-07-11,-0.0138,-0.0132,0.0161,4e-05
2022-07-12,-0.0089,0.0074,0.0052,4e-05
2022-07-13,-0.0039000000000000003,0.0044,-0.0040999999999999995,4e-05
2022-07-14,-0.0040999999999999995,-0.0026,-0.0101,4e-05
2022-07-15,0.0196,-0.0006,0.005,4e-05
2022-07-18,-0.0070999999999999995,0.0022,0.0101,4e-05
2022-07-19,0.0281,0.0089,-0.0054,4e-05
2022-07-20,0.0089,0.015,-0.013300000000000001,4e-05
2022-07-21,0.0097,0.0001,-0.0161,4e-05
2022-07-22,-0.0118,-0.0109,0.0139,4e-05
2022-07-25,0.0012,-0.003,0.0165,4e-05
2022-07-26,-0.0132,0.0009,0.010700000000000001,4e-05
2022-07-27,0.027200000000000002,0.0049,-0.0127,4e-05
2022-07-28,0.012,0.0011,-0.0092,4e-05
2022-07-29,0.014499999999999999,-0.009399999999999999,0.0045000000000000005,4e-05
2022-08-01,-0.002,0.0032,-0.0024,8e-05
2022-08-02,-0.005,0.0091,-0.0141,8e-05
2022-08-03,0.0167,0.0075,-0.0195,8e-05
2022-08-04,-0.0005,0.0084,-0.0165,8e-05
2022-08-05,-0.0004,0.0087,-0.0005,8e-05
2022-08-08,0.0,0.009300000000000001,-0.0009,8e-05
2022-08-09,-0.0067,-0.018000000000000002,0.021099999999999997,8e-05
2022-08-10,0.0235,0.011399999999999999,-0.016200000000000003,8e-05
2022-08-11,-0.0007000000000000001,-0.0025,0.0167,8e-05
2022-08-12,0.0176,0.006500000000000001,-0.008,8e-05
2022-08-15,0.0038,0.0014000000000000002,-0.0060999999999999995,8e-05
2022-08-16,0.0019,-0.0034000000000000002,0.006999999999999999,8e-05
2022-08-17,-0.0092,-0.011699999999999999,0.0104,8e-05
2022-08-18,0.0027,0.0019,0.0045000000000000005,8e-05
2022-08-19,-0.0149,-0.011699999999999999,0.0098,8e-05
2022-08-22,-0.0213,-0.0019,0.0034000000000000002,8e-05
2022-08-23,-0.0011,0.0002,0.0031,8e-05
2022-08-24,0.0039000000000000003,0.006500000000000001,-0.0062,8e-05
2022-08-25,0.014499999999999999,0.0017000000000000001,-0.0001,8e-05
2022-08-26,-0.0337,-0.0055000000000000005,0.0166,8e-05
2022-08-29,-0.0070999999999999995,-0.0058,0.0044,8e-05
2022-08-30,-0.0111,-0.0025,-0.0022,8e-05
2022-08-31,-0.0075,0.0029,-0.004699999999999999,8e-05
2022-09-01,0.0,-0.0111,-0.0028000000000000004,8.999999999999999e-05
2022-09-02,-0.009899999999999999,-0.0006,0.0103,8.999999999999999e-05
2022-09-06,-0.0051,-0.0045000000000000005,-0.0054,8.999999999999999e-05
2022-09-07,0.0192,0.0070999999999999995,-0.0154,8.999999999999999e-05
2022-09-08,0.0078000000000000005,-0.0008,-0.0018,8.999999999999999e-05
2022-09-09,0.0167,0.0052,-0.0051,8.999999999999999e-05
2022-09-12,0.010700000000000001,0.0028000000000000004,-0.0017000000000000001,8.999999999999999e-05
2022-09-13,-0.0429,-0.0017000000000000001,0.0141,8.999999999999999e-05
2022-09-14,0.0044,-0.0002,-0.0032,8.999999999999999e-05
2022-09-15,-0.0104,0.0034000000000000002,0.0060999999999999995,8.999999999999999e-05
2022-09-16,-0.0098,-0.0084,0.0086,8.999999999999999e-05
2022-09-19,0.0072,-0.0016,0.0068000000000000005,8.999999999999999e-05
2022-09-20,-0.0115,-0.0021,0.0003,8.999999999999999e-05
2022-09-21,-0.0168,0.0037,0.0006,8.999999999999999e-05
2022-09-22,-0.011399999999999999,-0.0134,0.0044,8.999999999999999e-05
2022-09-23,-0.018500000000000003,-0.0025,-0.008,8.999999999999999e-05
2022-09-26,-0.0102,0.0018,-0.0075,8.999999999999999e-05
2022-09-27,-0.0005,0.006500000000000001,-0.0097,8.999999999999999e-05
2022-09-28,0.021400000000000002,0.009000000000000001,-0.0036,8.999999999999999e-05
2022-09-29,-0.0216,-0.005,0.0092,8.999999999999999e-05
2022-09-30,-0.0143,0.005,0.0027,8.999999999999999e-05
2022-10-03,0.0256,-0.003,0.006999999999999999,0.00010999999999999999
2022-10-04,0.033,0.008100000000000001,-0.0009,0.00010999999999999999
2022-10-05,-0.0021,-0.0034999999999999996,0.0005,0.00010999999999999999
2022-10-06,-0.0085,0.0052,0.0012,0.00010999999999999999
2022-10-07,-0.028999999999999998,-0.0062,0.0168,0.00010999999999999999
2022-10-10,-0.008,0.0005,0.0076,0.00010999999999999999
2022-10-11,-0.006999999999999999,0.0055000000000000005,0.0033,0.00010999999999999999
2022-10-12,-0.0027,0.0007000000000000001,0.0004,0.00010999999999999999
2022-10-13,0.0241,-0.0062,0.015700000000000002,0.00010999999999999999
2022-10-14,-0.0246,-0.0045000000000000005,0.0123,0.00010999999999999999
2022-10-17,0.0274,0.0069,-0.0141,0.00010999999999999999
2022-10-18,0.011899999999999999,-0.001,-0.0002,0.00010999999999999999
2022-10-19,-0.0087,-0.013300000000000001,0.011899999999999999,0.00010999999999999999
2022-10-20,-0.008,-0.0028000000000000004,-0.0045000000000000005,0.00010999999999999999
2022-10-21,0.023,-0.0019,0.0009,0.00010999999999999999
2022-10-24,0.0104,-0.0072,0.004699999999999999,0.00010999999999999999
2022-10-25,0.0178,0.013500000000000002,-0.015300000000000001,0.00010999999999999999
2022-10-26,-0.0066,0.0042,0.009000000000000001,0.00010999999999999999
2022-10-27,-0.0054,0.0033,0.0108,0.00010999999999999999
2022-10-28,0.0233,-0.0003,-0.0034000000000000002,0.00010999999999999999
2022-10-31,-0.0068000000000000005,0.0038,0.0073,0.00010999999999999999
2022-11-01,-0.0034999999999999996,0.0016,0.008,0.00014000000000000001
2022-11-02,-0.026699999999999998,-0.012,0.016,0.00014000000000000001
2022-11-03,-0.0103,0.0028000000000000004,0.0028000000000000004,0.00014000000000000001
2022-11-04,0.0116,-0.0062,0.0128,0.00014000000000000001
2022-11-07,0.0087,-0.005,0.006,0.00014000000000000001
2022-11-08,0.0051,-0.004699999999999999,-0.004,0.00014000000000000001
2022-11-09,-0.022400000000000003,-0.0063,0.0055000000000000005,0.00014000000000000001
2022-11-10,0.056799999999999996,0.0161,-0.031,0.00014000000000000001
2022-11-11,0.0106,0.0028000000000000004,-0.0105,0.00014000000000000001
2022-11-14,-0.0095,-0.0036,0.0036,0.00014000000000000001
2022-11-15,0.0103,0.0069,-0.0073,0.00014000000000000001
2022-11-16,-0.0102,-0.0123,0.0058,0.00014000000000000001
2022-11-17,-0.0042,-0.0053,0.005600000000000001,0.00014000000000000001
2022-11-18,0.004,-0.0016,0.0011,0.00014000000000000001
2022-11-21,-0.0052,-0.0037,0.009899999999999999,0.00014000000000000001
2022-11-22,0.013600000000000001,-0.0052,0.0044,0.00014000000000000001
2022-11-23,0.0063,0.0002,-0.009300000000000001,0.00014000000000000001
2022-11-25,-0.0003,0.0022,0.0043,0.00014000000000000001
2022-11-28,-0.0155,-0.0042,-0.0019,0.00014000000000000001
2022-11-29,-0.0019,0.001,0.0104,0.00014000000000000001
2022-11-30,0.031200000000000002,0.0034999999999999996,-0.0208,0.00014000000000000001
2022-12-01,-0.0002,0.0024,-0.0069,0.00016
2022-12-02,-0.0008,0.0091,-0.005600000000000001,0.00016
2022-12-05,-0.0202,-0.006,-0.0054,0.00016
2022-12-06,-0.0151,-0.0025,0.011399999999999999,0.00016
2022-12-07,-0.0024,-0.0014000000000000002,-0.0032,0.00016
2022-12-08,0.0076,0.002,-0.012,0.00016
2022-12-09,-0.008,-0.0054,0.0034000000000000002,0.00016
2022-12-12,0.0141,-0.0031,-0.0016,0.00016
2022-12-13,0.0066,0.0017000000000000001,-0.0077,0.00016
2022-12-14,-0.005600000000000001,0.0003,-0.0045000000000000005,0.00016
2022-12-15,-0.025699999999999997,-0.0038,0.0139,0.00016
2022-12-16,-0.0102,0.0052,0.0017000000000000001,0.00016
2022-12-19,-0.01,-0.0078000000000000005,0.0125,0.00016
2022-12-20,0.0013,0.002,0.0025,0.00016
2022-12-21,0.015300000000000001,0.0013,-0.0012,0.00016
2022-12-22,-0.0152,0.0009,0.0038,0.00016
2022-12-23,0.0052,-0.0060999999999999995,0.0116,0.00016
2022-12-27,-0.005,-0.0074,0.014199999999999999,0.00016
2022-12-28,-0.0124,-0.0024,-0.0028000000000000004,0.00016
2022-12-29,0.0187,0.0126,-0.0106,0.00016
2022-12-30,-0.0022,0.0013,-0.0004,0.00016
2023-01-03,-0.004699999999999999,0.0008,-0.001,0.00017
2023-01-04,0.008100000000000001,0.0054,0.0005,0.00017
2023-01-05,-0.011399999999999999,-0.0018,0.012,0.00017
2023-01-06,0.022099999999999998,-0.0006,0.0003,0.00017
2023-01-09,0.0004,0.0055000000000000005,-0.0123,0.00017
2023-01-10,0.0079,0.0091,-0.005600000000000001,0.00017
2023-01-11,0.0125,0.0017000000000000001,-0.0083,0.00017
2023-01-12,0.0045000000000000005,0.0143,-0.0027,0.00017
2023-01-13,0.0046,0.003,-0.0031,0.00017
2023-01-17,-0.0018,0.002,-0.0055000000000000005,0.00017
2023-01-18,-0.0155,0.0003,-0.0070999999999999995,0.00017
2023-01-19,-0.0086,-0.0028000000000000004,0.0084,0.00017
2023-01-20,0.0194,0.0014000000000000002,-0.0068000000000000005,0.00017
2023-01-23,0.0128,0.0017000000000000001,-0.009899999999999999,0.00017
2023-01-24,-0.0016,-0.0022,0.0018,0.00017
2023-01-25,0.0,-0.0005,0.0069,0.00017
2023-01-26,0.0109,-0.0058,0.0001,0.00017
2023-01-27,0.0034000000000000002,0.0063,-0.0113,0.00017
2023-01-30,-0.0138,-0.0012,0.0074,0.00017
2023-01-31,0.0158,0.0102,-0.0006,0.00017
2023-02-01,0.011899999999999999,0.01,-0.0165,0.00017999999999999998
2023-02-02,0.0154,0.0163,-0.0207,0.00017999999999999998
2023-02-03,-0.0108,0.0009,0.0098,0.00017999999999999998
2023-02-06,-0.0073,-0.008199999999999999,0.0043,0.00017999999999999998
2023-02-07,0.0125,-0.0051,-0.0004,0.00017999999999999998
2023-02-08,-0.0118,-0.0068000000000000005,0.0070999999999999995,0.00017999999999999998
2023-02-09,-0.009399999999999999,-0.0064,0.0021,0.00017999999999999998
2023-02-10,0.0012,-0.0069,0.015,0.00017999999999999998
2023-02-13,0.011399999999999999,0.0019,-0.0073,0.00017999999999999998
2023-02-14,0.0012,0.0017000000000000001,-0.0068000000000000005,0.00017999999999999998
2023-02-15,0.005,0.0104,-0.0091,0.00017999999999999998
2023-02-16,-0.0137,-0.0004,0.0097,0.00017999999999999998
2023-02-17,-0.0028000000000000004,0.0068000000000000005,-0.0014000000000000002,0.00017999999999999998
2023-02-21,-0.0216,-0.0125,0.0088,0.00017999999999999998
2023-02-22,-0.0004,0.0052,-0.0046,0.00017999999999999998
2023-02-23,0.004699999999999999,0.0022,-0.0023,0.00017999999999999998
2023-02-24,-0.0108,-0.005,0.0126,0.00017999999999999998
2023-02-27,0.0031,0.0016,-0.003,0.00017999999999999998
2023-02-28,-0.0026,0.0063,-0.0069,0.00017999999999999998
2023-03-01,-0.0040999999999999995,0.002,0.0062,0.00016
2023-03-02,0.0067,-0.0037,-0.0044,0.00016
2023-03-03,0.0161,0.0,-0.0054,0.00016
2023-03-06,-0.0013,-0.016200000000000003,-0.0008,0.00016
2023-03-07,-0.014499999999999999,0.0074,-0.0068000000000000005,0.00016
2023-03-08,0.0008,0.0017000000000000001,-0.0039000000000000003,0.00016
2023-03-09,-0.0202,-0.0068000000000000005,-0.0076,0.00016
2023-03-10,-0.0168,-0.015300000000000001,0.0072,0.00016
2023-03-13,-0.0034000000000000002,-0.0063,-0.036000000000000004,0.00016
2023-03-14,0.0172,0.0015,-0.0036,0.00016
2023-03-15,-0.0079,-0.0008,-0.0184,0.00016
2023-03-16,0.0176,0.0018,-0.0016,0.00016
2023-03-17,-0.0121,-0.0083,-0.0163,0.00016
2023-03-20,0.0084,-0.0060999999999999995,0.0078000000000000005,0.00016
2023-03-21,0.0149,0.0045000000000000005,0.0073,0.00016
2023-03-22,-0.0174,-0.008,-0.0053,0.00016
2023-03-23,0.0021,-0.0019,-0.0154,0.00016
2023-03-24,0.0046,0.0013,0.0070999999999999995,0.00016
2023-03-27,0.0028000000000000004,0.0022,0.0103,0.00016
2023-03-28,-0.0017000000000000001,-0.0018,0.0075,0.00016
2023-03-29,0.0139,-0.003,-0.0054,0.00016
2023-03-30,0.0051,-0.0055000000000000005,-0.006,0.00016
2023-03-31,0.015300000000000001,0.0067,-0.0076,0.00016
2023-04-03,0.0028000000000000004,-0.004699999999999999,0.0079,0.00017999999999999998
2023-04-04,-0.0072,-0.0096,-0.0072,0.00017999999999999998
2023-04-05,-0.0039000000000000003,-0.0139,0.013999999999999999,0.00017999999999999998
2023-04-06,0.0034000000000000002,0.0006,-0.0051,0.00017999999999999998
2023-04-10,0.002,0.0079,0.0026,0.00017999999999999998
2023-04-11,0.0006,0.0046,0.0055000000000000005,0.00017999999999999998
2023-04-12,-0.0051,-0.0055000000000000005,0.0037,0.00017999999999999998
2023-04-13,0.0139,0.0036,-0.011899999999999999,0.00017999999999999998
2023-04-14,-0.0023,-0.0096,0.002,0.00017999999999999998
2023-04-17,0.0033,0.008,-0.002,0.00017999999999999998
2023-04-18,0.0004,-0.0044,-0.0031,0.00017999999999999998
2023-04-19,-0.0004,0.0029,0.0042,0.00017999999999999998
2023-04-20,-0.0060999999999999995,0.0009,-0.0028000000000000004,0.00017999999999999998
2023-04-21,0.0008,0.0026,-0.0095,0.00017999999999999998
2023-04-24,0.0,-0.0039000000000000003,0.0046,0.00017999999999999998
2023-04-25,-0.0176,-0.0098,0.0009,0.00017999999999999998
2023-04-26,-0.0042,0.0014000000000000002,-0.0074,0.00017999999999999998
2023-04-27,0.018500000000000003,-0.005600000000000001,0.0,0.00017999999999999998
2023-04-28,0.0078000000000000005,0.0013,0.0019,0.00017999999999999998
2023-05-01,-0.0002,0.0029,-0.008199999999999999,0.00016
2023-05-02,-0.0127,-0.005600000000000001,-0.0146,0.00016
2023-05-03,-0.005699999999999999,0.010700000000000001,-0.0103,0.00016
2023-05-04,-0.0078000000000000005,-0.0034000000000000002,-0.0104,0.00016
2023-05-05,0.0191,0.0042,0.0069,0.00016
2023-05-08,0.0007000000000000001,-0.0031,-0.003,0.00016
2023-05-09,-0.0043,0.0012,-0.0002,0.00016
2023-05-10,0.0043,0.0046,-0.0132,0.00016
2023-05-11,-0.002,-0.0049,-0.0009,0.00016
2023-05-12,-0.0022,-0.0019,0.0034000000000000002,0.00016
2023-05-15,0.0046,0.0084,0.0002,0.00016
2023-05-16,-0.0072,-0.0033,-0.0048,0.00016
2023-05-17,0.0131,0.0089,0.012199999999999999,0.00016
2023-05-18,0.009899999999999999,-0.0007000000000000001,-0.0038,0.00016
2023-05-19,-0.0026,-0.0045000000000000005,-0.0032,0.00016
2023-05-22,0.0017000000000000001,0.0127,-0.002,0.00016
2023-05-23,-0.011000000000000001,0.0039000000000000003,0.0109,0.00016
2023-05-24,-0.0072,-0.0031,-0.002,0.00016
2023-05-25,0.006500000000000001,-0.0070999999999999995,-0.0108,0.00016
2023-05-26,0.0132,0.0003,-0.0086,0.00016
2023-05-30,-0.0001,-0.0015,-0.0042,0.00016
2023-05-31,-0.006,-0.0011,-0.0116,0.00016
2023-06-01,0.0102,0.0015,-0.0006,0.00018999999999999998
2023-06-02,0.016200000000000003,0.015700000000000002,0.0166,0.00018999999999999998
2023-06-05,-0.0026,-0.0101,-0.0075,0.00018999999999999998
2023-06-06,0.0046,0.0213,0.013500000000000002,0.00018999999999999998
2023-06-07,-0.0036,0.013600000000000001,0.022799999999999997,0.00018999999999999998
2023-06-08,0.0059,-0.0049,-0.0116,0.00018999999999999998
2023-06-09,0.0003,-0.0070999999999999995,-0.0040999999999999995,0.00018999999999999998
2023-06-12,0.009399999999999999,0.0005,-0.0141,0.00018999999999999998
2023-06-13,0.0074,0.0059,0.0006,0.00018999999999999998
2023-06-14,-0.0003,-0.0091,-0.0092,0.00018999999999999998
2023-06-15,0.012199999999999999,-0.0037,0.0009,0.00018999999999999998
2023-06-16,-0.0045000000000000005,-0.0055000000000000005,0.0022,0.00018999999999999998
2023-06-20,-0.0049,0.0043,-0.0069,0.00018999999999999998
2023-06-21,-0.005600000000000001,0.0002,0.0053,0.00018999999999999998
2023-06-22,0.0032,-0.0067,-0.0126,0.00018999999999999998
2023-06-23,-0.0084,-0.0063,0.0007000000000000001,0.00018999999999999998
2023-06-26,-0.0048,-0.0034000000000000002,0.0129,0.00018999999999999998
2023-06-27,0.0121,0.0048,-0.0051,0.00018999999999999998
2023-06-28,0.0003,0.0055000000000000005,-0.0044,0.00018999999999999998
2023-06-29,0.0044,0.0053,0.0078000000000000005,0.00018999999999999998
2023-06-30,0.011399999999999999,-0.0064,-0.0078000000000000005,0.00018999999999999998
2023-07-03,0.0015,0.0001,0.0106,0.00021999999999999998
2023-07-05,-0.0029,-0.0095,-0.0026,0.00021999999999999998
2023-07-06,-0.009399999999999999,-0.0051,-0.0069,0.00021999999999999998
2023-07-07,-0.0013,0.0106,0.0121,0.00021999999999999998
2023-07-10,0.0036,0.0128,-0.0001,0.00021999999999999998
2023-07-11,0.0076,0.0003,0.0048,0.00021999999999999998
2023-07-12,0.0074,0.0031,0.0046,0.00021999999999999998
2023-07-13,0.009000000000000001,0.0005,-0.001,0.00021999999999999998
2023-07-14,-0.0025,-0.003,-0.0152,0.00021999999999999998
2023-07-17,0.0048,0.0076,-0.0027,0.00021999999999999998
2023-07-18,0.0078000000000000005,0.0021,0.0108,0.00021999999999999998
2023-07-19,0.0025,-0.0007000000000000001,0.0132,0.00021999999999999998
2023-07-20,-0.008100000000000001,-0.0058,0.006500000000000001,0.00021999999999999998
2023-07-21,-0.0005,-0.0033,-0.0036,0.00021999999999999998
2023-07-24,0.0031,-0.0028000000000000004,0.0076,0.00021999999999999998
2023-07-25,0.0025,-0.0005,-0.0078000000000000005,0.00021999999999999998
2023-07-26,0.0001,0.0068000000000000005,0.0102,0.00021999999999999998
2023-07-27,-0.0074,-0.0091,0.0028000000000000004,0.00021999999999999998
2023-07-28,0.0113,0.0055000000000000005,-0.0034000000000000002,0.00021999999999999998
2023-07-31,0.0025,0.0108,-0.0009,0.00021999999999999998
2023-08-01,-0.0034000000000000002,-0.0017000000000000001,0.0031,0.0002
2023-08-02,-0.0149,-0.0018,0.005699999999999999,0.0002
2023-08-03,-0.0019,-0.0004,0.0008,0.0002
2023-08-04,-0.0048,0.0003,0.0076,0.0002
2023-08-07,0.0078000000000000005,-0.0116,0.006,0.0002
2023-08-08,-0.004699999999999999,0.0004,0.0015,0.0002
2023-08-09,-0.0078000000000000005,-0.0007000000000000001,-0.0004,0.0002
2023-08-10,0.0001,-0.0032,-0.0067,0.0002
2023-08-11,-0.0011,0.0012,0.0045000000000000005,0.0002
2023-08-14,0.0051,-0.0066,-0.0077,0.0002
2023-08-15,-0.0118,0.0025,-0.0103,0.0002
2023-08-16,-0.008100000000000001,-0.004,-0.0014000000000000002,0.0002
2023-08-17,-0.0087,-0.0033,0.0049,0.0002
2023-08-18,0.0004,0.0040999999999999995,-0.0022,0.0002
2023-08-21,0.0064,-0.0068000000000000005,-0.0059,0.0002
2023-08-22,-0.0032,0.0023,-0.0104,0.0002
2023-08-23,0.0108,-0.001,-0.0012,0.0002
2023-08-24,-0.014199999999999999,-0.0019,0.0062,0.0002
2023-08-25,0.006500000000000001,-0.0007000000000000001,-0.005699999999999999,0.0002
2023-08-28,0.0063,-0.0002,0.0040999999999999995,0.0002
2023-08-29,0.015,0.0001,-0.0012,0.0002
2023-08-30,0.0040999999999999995,0.0024,-0.0046,0.0002
2023-08-31,-0.0008,-0.0023,0.0022,0.0002
2023-09-01,0.0026,0.0067,0.0058,0.00021
2023-09-05,-0.0054,-0.013600000000000001,-0.0087,0.00021
2023-09-06,-0.0070999999999999995,-0.0001,-0.0018,0.00021
2023-09-07,-0.004,-0.0063,0.0002,0.00021
2023-09-08,0.0012,-0.0062,0.004,0.00021
2023-09-11,0.0066,-0.0026,-0.0053,0.00021
2023-09-12,-0.0059,-0.0025,0.0101,0.00021
2023-09-13,0.0004,-0.0079,-0.002,0.00021
2023-09-14,0.0083,0.0023,0.0086,0.00021
2023-09-15,-0.0121,0.0015,0.0025,0.00021
2023-09-18,-0.0004,-0.0083,-0.0018,0.00021
2023-09-19,-0.0026,-0.0012,0.0,0.00021
2023-09-20,-0.0095,-0.001,0.0026,0.00021
2023-09-21,-0.0168,0.0019,0.0038,0.00021
2023-09-22,-0.0025,0.0002,-0.005,0.00021
2023-09-25,0.0039000000000000003,-0.0011,0.0033,0.00021
2023-09-26,-0.0146,0.004,-0.005,0.00021
2023-09-27,0.0013,0.0069,0.001,0.00021
2023-09-28,0.006500000000000001,0.0016,0.0003,0.00021
2023-09-29,-0.0028000000000000004,-0.0004,0.0032,0.00021
2023-10-02,-0.0014000000000000002,-0.0092,-0.0105,0.00021
2023-10-03,-0.0149,-0.0033,-0.0014000000000000002,0.00021
2023-10-04,0.0077,-0.0027,-0.0037,0.00021
2023-10-05,-0.0015,0.0031,0.001,0.00021
2023-10-06,0.0121,-0.003,-0.005600000000000001,0.00021
2023-10-09,0.0059,-0.0031,0.0025,0.00021
2023-10-10,0.006,0.0016,0.0063,0.00021
2023-10-11,0.0033,-0.0067,0.0038,0.00021
2023-10-12,-0.008100000000000001,-0.0147,0.0011,0.00021
2023-10-13,-0.0059,-0.0046,0.0006,0.00021
2023-10-16,0.0113,0.0060999999999999995,-0.001,0.00021
2023-10-17,0.0009,0.0087,0.006999999999999999,0.00021
2023-10-18,-0.0146,-0.0063,-0.0018,0.00021
2023-10-19,-0.0092,-0.005,-0.0022,0.00021
2023-10-20,-0.0132,0.0006,-0.0015,0.00021
2023-10-23,-0.0023,-0.0026,-0.0078000000000000005,0.00021
2023-10-24,0.0074,0.0025,-0.0058,0.00021
2023-10-25,-0.015700000000000002,-0.0031,0.0085,0.00021
2023-10-26,-0.0115,0.0085,0.0168,0.00021
2023-10-27,-0.0052,-0.0034999999999999996,-0.0059,0.00021
2023-10-30,0.0115,-0.0038,0.0029,0.00021
2023-10-31,0.0063,0.0005,-0.0006,0.00021
2023-11-01,0.009300000000000001,-0.0063,-0.0002,0.00021
2023-11-02,0.0194,0.004699999999999999,0.0163,0.00021
2023-11-03,0.011000000000000001,0.016200000000000003,0.0060999999999999995,0.00021
2023-11-06,0.0001,-0.010700000000000001,-0.0064,0.00021
2023-11-07,0.0034999999999999996,-0.0001,-0.012199999999999999,0.00021
2023-11-08,-0.0003,-0.008199999999999999,-0.0046,0.00021
2023-11-09,-0.0089,-0.0108,0.0049,0.00021
2023-11-10,0.0149,-0.0058,-0.0044,0.00021
2023-11-13,-0.0005,0.0016,-0.0026,0.00021
2023-11-14,0.0218,0.029900000000000003,0.012,0.00021
2023-11-15,0.0018,-0.0005,0.005,0.00021
2023-11-16,-0.0011,-0.013999999999999999,-0.003,0.00021
2023-11-17,0.0025,0.009899999999999999,0.0063,0.00021
2023-11-20,0.0073,0.0,-0.0029,0.00021
2023-11-21,-0.0032,-0.008,-0.0060999999999999995,0.00021
2023-11-22,0.004699999999999999,0.0021,-0.0004,0.00021
2023-11-24,0.0011,0.0059,0.0018,0.00021
2023-11-27,-0.0023,-0.0011,-0.0009,0.00021
2023-11-28,0.0005,-0.0029,0.0004,0.00021
2023-11-29,0.0001,0.0043,0.0069,0.00021
2023-11-30,0.0034999999999999996,-0.0046,0.0001,0.00021
2023-12-01,0.008100000000000001,0.0206,0.010700000000000001,0.00021
2023-12-04,-0.0044,0.0141,0.0051,0.00021
2023-12-05,-0.0021,-0.0083,-0.0083,0.00021
2023-12-06,-0.004,0.003,0.0032,0.00021
2023-12-07,0.008100000000000001,0.0006,0.004699999999999999,0.00021
2023-12-08,0.0044,0.0001,0.0052,0.00021
2023-12-11,0.0036,-0.0039000000000000003,-0.0012,0.00021
2023-12-12,0.0034000000000000002,-0.0043,-0.0088,0.00021
2023-12-13,0.0155,0.0172,0.013500000000000002,0.00021
2023-12-14,0.005,0.0111,0.0203,0.00021
2023-12-15,-0.0006,-0.004,-0.005699999999999999,0.00021
2023-12-18,0.0042,-0.004,-0.0037,0.00021
2023-12-19,0.0072,0.013600000000000001,0.0069,0.00021
2023-12-20,-0.0155,-0.0037,0.0013,0.00021
2023-12-21,0.0109,0.0074,-0.0004,0.00021
2023-12-22,0.002,0.0064,0.001,0.00021
2023-12-26,0.0048,0.006999999999999999,0.0044,0.00021
2023-12-27,0.0016,0.0013,0.0011,0.00021
2023-12-28,-0.0001,-0.0036,0.0004,0.00021
2023-12-29,-0.0043,-0.011200000000000002,-0.0037,0.00021
2024-01-02,-0.006999999999999999,-0.0055000000000000005,0.0079,0.00021999999999999998
2024-01-03,-0.0101,-0.0195,-0.0011,0.00021999999999999998
2024-01-04,-0.0033,0.0021,0.0009,0.00021999999999999998
2024-01-05,0.0015,-0.008100000000000001,0.0063,0.00021999999999999998
2024-01-08,0.0149,0.009000000000000001,-0.0127,0.00021999999999999998
2024-01-09,-0.0021,-0.0044,-0.0089,0.00021999999999999998
2024-01-10,0.0051,-0.001,-0.0044,0.00021999999999999998
2024-01-11,-0.0014000000000000002,-0.0045000000000000005,-0.0052,0.00021999999999999998
2024-01-12,-0.0001,-0.0011,-0.0049,0.00021999999999999998
2024-01-16,-0.004699999999999999,-0.0076,-0.0060999999999999995,0.00021999999999999998
2024-01-17,-0.0059,-0.0008,-0.0025,0.00021999999999999998
2024-01-18,0.0087,-0.0011,-0.0034999999999999996,0.00021999999999999998
2024-01-19,0.011899999999999999,-0.004699999999999999,0.0067,0.00021999999999999998
2024-01-22,0.0038,0.0173,0.0058,0.00021999999999999998
2024-01-23,0.0022,-0.0066,-0.0055000000000000005,0.00021999999999999998
2024-01-24,-0.0001,-0.0074,0.0005,0.00021999999999999998
2024-01-25,0.0046,0.0004,0.005699999999999999,0.00021999999999999998
2024-01-26,-0.0002,0.0040999999999999995,-0.0027,0.00021999999999999998
2024-01-29,0.0085,0.010700000000000001,-0.0059,0.00021999999999999998
2024-01-30,-0.0013,-0.0127,0.0085,0.00021999999999999998
2024-01-31,-0.0174,-0.0092,-0.0029,0.00021999999999999998
2024-02-01,0.0123,0.0064,-0.013500000000000002,0.00021
2024-02-02,0.009899999999999999,-0.0143,-0.0051,0.00021
2024-02-05,-0.0042,-0.0073,-0.0066,0.00021
2024-02-06,0.0027,0.0085,-0.004699999999999999,0.00021
2024-02-07,0.0077,-0.009000000000000001,-0.0060999999999999995,0.00021
2024-02-08,0.0021,0.0149,0.0001,0.00021
2024-02-09,0.006500000000000001,0.01,-0.0042,0.00021
2024-02-12,0.0004,0.0129,0.0111,0.00021
2024-02-13,-0.016,-0.024,-0.006500000000000001,0.00021
2024-02-14,0.011399999999999999,0.015700000000000002,-0.0022,0.00021
2024-02-15,0.0067,0.0084,0.0105,0.00021
2024-02-16,-0.0053,-0.0066,-0.0018,0.00021
2024-02-20,-0.0073,-0.0086,0.0033,0.00021
2024-02-21,-0.0002,-0.008199999999999999,0.0014000000000000002,0.00021
2024-02-22,0.0202,-0.012,-0.0129,0.00021
2024-02-23,0.0002,0.0028000000000000004,0.0,0.00021
2024-02-26,-0.0026,0.0101,-0.0012,0.00021
2024-02-27,0.0027,0.012,-0.0044,0.00021
2024-02-28,-0.0026,-0.0086,-0.0001,0.00021
2024-02-29,0.0053,-0.0036,0.0098,0.00021
2024-03-01,0.0077,0.0009,-0.0055000000000000005,0.00021
2024-03-04,-0.0018,-0.0079,0.0034000000000000002,0.00021
2024-03-05,-0.010700000000000001,-0.0032,0.011699999999999999,0.00021
2024-03-06,0.0053,-0.0016,-0.0003,0.00021
2024-03-07,0.0102,-0.004699999999999999,0.0003,0.00021
2024-03-08,-0.0066,0.005,0.005699999999999999,0.00021
2024-03-11,-0.002,-0.0072,0.004,0.00021
2024-03-12,0.0104,-0.0097,-0.0069,0.00021
2024-03-13,-0.0014000000000000002,0.003,-0.0002,0.00021
2024-03-14,-0.0042,-0.0131,-0.0104,0.00021
2024-03-15,-0.0058,0.0075,0.0079,0.00021
2024-03-18,0.0053,-0.0102,-0.0025,0.00021
2024-03-19,0.0054,0.0053,-0.0027,0.00021
2024-03-20,0.0102,0.0091,0.0101,0.00021
2024-03-21,0.0042,0.0004,0.0095,0.00021
2024-03-22,-0.0023,-0.0086,-0.0053,0.00021
2024-03-25,-0.0027,-0.0024,0.0086,0.00021
2024-03-26,-0.0026,0.0009,-0.0013,0.00021
2024-03-27,0.0088,0.0104,0.0092,0.00021
2024-03-28,0.0011,0.0029,0.0049,0.00021
2024-04-01,-0.0026,-0.009000000000000001,-0.0028000000000000004,0.00021
2024-04-02,-0.0085,-0.011000000000000001,0.0003,0.00021
2024-04-03,0.0017000000000000001,0.0031,-0.0003,0.00021
2024-04-04,-0.012199999999999999,0.0017000000000000001,0.0015,0.00021
2024-04-05,0.0106,-0.0032,-0.0068000000000000005,0.00021
2024-04-08,0.0001,0.0052,0.0014000000000000002,0.00021
2024-04-09,0.0013,0.0037,-0.0032,0.00021
2024-04-10,-0.01,-0.0137,-0.0104,0.00021
2024-04-11,0.0073,0.0024,-0.0062,0.00021
2024-04-12,-0.015300000000000001,-0.0033,0.0011,0.00021
2024-04-15,-0.0129,-0.0048,0.0076,0.00021
2024-04-16,-0.0023,-0.0003,-0.0083,0.00021
2024-04-17,-0.0064,-0.0049,0.005600000000000001,0.00021
2024-04-18,-0.0027,-0.0028000000000000004,0.0087,0.00021
2024-04-19,-0.008199999999999999,0.008199999999999999,0.019,0.00021
2024-04-22,0.0087,-0.0021,0.0054,0.00021
2024-04-23,0.0127,0.0059,0.0,0.00021
2024-04-24,-0.0001,-0.0031,0.0028000000000000004,0.00021
2024-04-25,-0.004699999999999999,-0.0031,-0.002,0.00021
2024-04-26,0.0104,0.0046,-0.010700000000000001,0.00021
2024-04-29,0.0034000000000000002,0.0038,-0.0048,0.00021
2024-04-30,-0.0167,-0.0019,-0.0025,0.00021
2024-05-01,-0.0027,0.0109,0.0003,0.0002
2024-05-02,0.0101,0.0072,-0.0003,0.0002
2024-05-03,0.0118,0.0002,-0.0019,0.0002
2024-05-06,0.0108,0.0003,-0.0006,0.0002
2024-05-07,0.0005,0.0007000000000000001,-0.006,0.0002
2024-05-08,-0.0009,-0.0054,0.0058,0.0002
2024-05-09,0.0052,0.0042,0.0037,0.0002
2024-05-10,0.0009,-0.009300000000000001,0.0001,0.0002
2024-05-13,-0.0004,0.0024,-0.0026,0.0002
2024-05-14,0.005600000000000001,0.0052,0.0002,0.0002
2024-05-15,0.0115,-0.0034999999999999996,-0.0022,0.0002
2024-05-16,-0.0025,-0.0015,-0.0001,0.0002
2024-05-17,0.0011,-0.0024,0.004,0.0002
2024-05-20,0.0014000000000000002,0.0027,-0.0088,0.0002
2024-05-21,0.0016,-0.0045000000000000005,0.0018,0.0002
2024-05-22,-0.0034999999999999996,-0.0028000000000000004,-0.0037,0.0002
2024-05-23,-0.0084,-0.0059,-0.0064,0.0002
2024-05-24,0.0072,0.0004,0.0015,0.0002
2024-05-28,-0.0004,0.0029,-0.0088,0.0002
2024-05-29,-0.0077,-0.0029,-0.0062,0.0002
2024-05-30,-0.0053,0.0103,0.01,0.0002
2024-05-31,0.0068000000000000005,-0.0036,0.0078000000000000005,0.0002
2024-06-03,0.0005,-0.002,-0.005699999999999999,0.00021999999999999998
2024-06-04,-0.0006,-0.009899999999999999,-0.0077,0.00021999999999999998
2024-06-05,0.0123,0.0048,-0.0060999999999999995,0.00021999999999999998
2024-06-06,-0.0006,-0.0045000000000000005,-0.0007000000000000001,0.00021999999999999998
2024-06-07,-0.0023,-0.009899999999999999,0.0007000000000000001,0.00021999999999999998
2024-06-10,0.0027,-0.0012,-0.0028000000000000004,0.00021999999999999998
2024-06-11,0.002,0.0013,-0.0106,0.00021999999999999998
2024-06-12,0.009399999999999999,0.0084,0.0009,0.00021999999999999998
2024-06-13,0.0005,-0.0085,-0.0063,0.00021999999999999998
2024-06-14,-0.0016,-0.0129,-0.0064,0.00021999999999999998
2024-06-17,0.0078000000000000005,-0.0040999999999999995,0.0052,0.00021999999999999998
2024-06-18,0.002,-0.0054,0.0037,0.00021999999999999998
2024-06-20,-0.003,-0.0037,0.0025,0.00021999999999999998
2024-06-21,-0.0013,0.0058,-0.0051,0.00021999999999999998
2024-06-24,-0.0026,0.0025,0.0109,0.00021999999999999998
2024-06-25,0.0031,-0.005600000000000001,-0.0121,0.00021999999999999998
2024-06-26,0.0016,0.001,-0.0021,0.00021999999999999998
2024-06-27,0.0014000000000000002,0.0072,-0.0039000000000000003,0.00021999999999999998
2024-06-28,-0.0034999999999999996,0.0072,0.0127,0.00021999999999999998
2024-07-01,0.0023,-0.01,-0.0048,0.00021
2024-07-02,0.005699999999999999,-0.0054,0.004,0.00021
2024-07-03,0.0048,-0.0003,-0.0069,0.00021
2024-07-05,0.0048,-0.004699999999999999,-0.0143,0.00021
2024-07-08,0.001,0.0062,-0.0019,0.00021
2024-07-09,0.0,-0.006,0.005,0.00021
2024-07-10,0.0097,-0.0007000000000000001,0.0040999999999999995,0.00021
2024-07-11,-0.006,0.0361,0.0177,0.00021
2024-07-12,0.0058,0.0072,-0.004699999999999999,0.00021
2024-07-15,0.0038,0.0098,0.005699999999999999,0.00021
2024-07-16,0.008199999999999999,0.0235,0.0134,0.00021
2024-07-17,-0.0149,-0.0031,0.0246,0.00021
2024-07-18,-0.0095,-0.0109,0.0003,0.00021
2024-07-19,-0.0068000000000000005,0.0017000000000000001,-0.0013,0.00021
2024-07-22,0.0108,0.0088,-0.0055000000000000005,0.00021
2024-07-23,-0.0007000000000000001,0.0129,0.0001,0.00021
2024-07-24,-0.024,-0.0066,0.0173,0.00021
2024-07-25,-0.003,0.0146,0.0067,0.00021
2024-07-26,0.011000000000000001,0.0053,-0.0017000000000000001,0.00021
2024-07-29,-0.0002,-0.01,-0.0048,0.00021
2024-07-30,-0.005,0.0009,0.0137,0.00021
2024-07-31,0.0152,-0.0034000000000000002,-0.0134,0.00021
2024-08-01,-0.0161,-0.0131,-0.006500000000000001,0.00021999999999999998
2024-08-02,-0.021099999999999997,-0.0101,-0.0076,0.00021999999999999998
2024-08-05,-0.0302,-0.0046,0.0001,0.00021999999999999998
2024-08-06,0.01,0.0002,-0.005699999999999999,0.00021999999999999998
2024-08-07,-0.0083,-0.0077,0.0072,0.00021999999999999998
2024-08-08,0.023799999999999998,0.0043,-0.008100000000000001,0.00021999999999999998
2024-08-09,0.0043,-0.0077,-0.0034000000000000002,0.00021999999999999998
2024-08-12,-0.0008,-0.0066,-0.0059,0.00021999999999999998
2024-08-13,0.0169,0.0058,-0.0074,0.00021999999999999998
2024-08-14,0.003,-0.011399999999999999,0.0025,0.00021999999999999998
2024-08-15,0.0177,0.0128,-0.0075,0.00021999999999999998
2024-08-16,0.0022,-0.0003,0.0077,0.00021999999999999998
2024-08-19,0.0098,0.0046,-0.0026,0.00021999999999999998
2024-08-20,-0.0031,-0.0067,-0.006500000000000001,0.00021999999999999998
2024-08-21,0.0051,0.0102,-0.0064,0.00021999999999999998
2024-08-22,-0.0096,-0.0068000000000000005,0.0137,0.00021999999999999998
2024-08-23,0.0129,0.0191,0.0084,0.00021999999999999998
2024-08-26,-0.0034000000000000002,0.001,0.0019,0.00021999999999999998
2024-08-27,0.0005,-0.0084,0.0002,0.00021999999999999998
2024-08-28,-0.0066,-0.005600000000000001,0.0115,0.00021999999999999998
2024-08-29,0.0007000000000000001,0.0038,0.003,0.00021999999999999998
2024-08-30,0.0098,-0.005600000000000001,0.0006,0.00021999999999999998
2024-09-03,-0.0226,-0.0125,0.0138,0.0002
2024-09-04,-0.0022,0.0015,-0.0058,0.0002
2024-09-05,-0.0031,0.0027,-0.0069,0.0002
2024-09-06,-0.0182,-0.0021,0.0018,0.0002
2024-09-09,0.0109,-0.0083,-0.0073,0.0002
2024-09-10,0.004,0.0015,-0.0083,0.0002
2024-09-11,0.0104,-0.0003,-0.0165,0.0002
2024-09-12,0.008,0.0062,-0.0052,0.0002
2024-09-13,0.006999999999999999,0.019,0.0002,0.0002
2024-09-16,0.0016,-0.0034000000000000002,0.0091,0.0002
2024-09-17,0.0009,0.0053,0.0055000000000000005,0.0002
2024-09-18,-0.0025,0.0013,0.0027,0.0002
2024-09-19,0.0177,0.0048,-0.002,0.0002
2024-09-20,-0.0027,-0.0073,-0.0063,0.0002
2024-09-23,0.0021,-0.008100000000000001,-0.0011,0.0002
2024-09-24,0.0024,0.001,-0.0058,0.0002
2024-09-25,-0.0029,-0.006500000000000001,-0.006999999999999999,0.0002
2024-09-26,0.0043,0.0019,0.0043,0.0002
2024-09-27,-0.0009,0.0043,0.005600000000000001,0.0002
2024-09-30,0.0036,-0.0012,0.0015,0.0002
2024-10-01,-0.0097,-0.009000000000000001,-0.0003,0.00017
2024-10-02,0.0,-0.002,-0.0018,0.00017
2024-10-03,-0.0023,-0.0060999999999999995,0.0019,0.00017
2024-10-04,0.0103,0.0039000000000000003,0.0028000000000000004,0.00017
2024-10-07,-0.0097,-0.0016,0.0029,0.00017
2024-10-08,0.0087,-0.0029,-0.011399999999999999,0.00017
2024-10-09,0.0069,-0.0046,0.0019,0.00017
2024-10-10,-0.002,-0.0033,0.0009,0.00017
2024-10-11,0.0075,0.010700000000000001,0.0076,0.00017
2024-10-14,0.006999999999999999,-0.0003,-0.0032,0.00017
2024-10-15,-0.0072,0.0076,0.0051,0.00017
2024-10-16,0.0052,0.0091,0.0054,0.00017
2024-10-17,-0.0005,-0.0009,0.0016,0.00017
2024-10-18,0.0036,-0.0019,-0.0075,0.00017
2024-10-21,-0.0029,-0.0103,-0.012,0.00017
2024-10-22,-0.0011,-0.0032,0.005699999999999999,0.00017
2024-10-23,-0.0097,-0.0038,0.0109,0.00017
2024-10-24,0.0029,0.0015,-0.0029,0.00017
2024-10-25,-0.0008,-0.0002,-0.0083,0.00017
2024-10-28,0.0038,0.0113,0.0063,0.00017
2024-10-29,0.0015,0.0014000000000000002,-0.0108,0.00017
2024-10-30,-0.0032,-0.0008,0.0075,0.00017
2024-10-31,-0.018000000000000002,-0.0039000000000000003,0.0064,0.00017
2024-11-01,0.004699999999999999,0.0060999999999999995,-0.010700000000000001,0.0002
2024-11-04,-0.0027,0.0083,-0.0055000000000000005,0.0002
2024-11-05,0.013000000000000001,0.008199999999999999,-0.0014000000000000002,0.0002
2024-11-06,0.0291,0.0187,0.035,0.0002
2024-11-07,0.0066,-0.0019,-0.0276,0.0002
2024-11-08,0.0043,0.004,-0.0051,0.0002
2024-11-11,0.0032,0.0091,0.0084,0.0002
2024-11-12,-0.0038,-0.0123,0.0014000000000000002,0.0002
2024-11-13,-0.0012,-0.0105,0.0018,0.0002
2024-11-14,-0.0070999999999999995,-0.0083,0.0070999999999999995,0.0002
2024-11-15,-0.0138,-0.0087,0.0165,0.0002
2024-11-18,0.0040999999999999995,-0.0038,-0.0003,0.0002
2024-11-19,0.0049,0.0078000000000000005,-0.016399999999999998,0.0002
2024-11-20,0.0004,0.0,-0.0011,0.0002
2024-11-21,0.006500000000000001,0.008,0.0029,0.0002
2024-11-22,0.0053,0.0126,0.0042,0.0002
2024-11-25,0.0040999999999999995,0.0109,0.0023,0.0002
2024-11-26,0.0042,-0.009399999999999999,-0.0067,0.0002
2024-11-27,-0.004,0.0026,0.004699999999999999,0.0002
2024-11-29,0.0054,0.0013,-0.0064,0.0002
2024-12-02,0.0023,0.004699999999999999,-0.0066,0.00017
2024-12-03,0.0004,-0.005699999999999999,-0.005600000000000001,0.00017
2024-12-04,0.006999999999999999,0.004,-0.0126,0.00017
2024-12-05,-0.0028000000000000004,-0.011200000000000002,0.0048,0.00017
2024-12-06,0.0034999999999999996,0.0062,-0.0106,0.00017
2024-12-09,-0.0073,0.0040999999999999995,0.0013,0.00017
2024-12-10,-0.0036,-0.0003,0.0014000000000000002,0.00017
2024-12-11,0.0087,0.0017000000000000001,-0.0058,0.00017
2024-12-12,-0.0062,-0.0086,0.0040999999999999995,0.00017
2024-12-13,-0.0006,-0.0048,-0.003,0.00017
2024-12-16,0.0046,0.0075,-0.0106,0.00017
2024-12-17,-0.0049,-0.0043,-0.005600000000000001,0.00017
2024-12-18,-0.0317,-0.0143,0.0009,0.00017
2024-12-19,-0.0012,-0.0028000000000000004,-0.0001,0.00017
2024-12-20,0.010700000000000001,-0.0015,0.0007000000000000001,0.00017
2024-12-23,0.0060999999999999995,-0.0070999999999999995,-0.002,0.00017
2024-12-24,0.0111,-0.0009,-0.0006,0.00017
2024-12-26,0.0001,0.0104,-0.0019,0.00017
2024-12-27,-0.011699999999999999,-0.006500000000000001,0.005699999999999999,0.00017
2024-12-30,-0.0109,0.0013,0.0074,0.00017
2024-12-31,-0.0046,0.0001,0.0070999999999999995,0.00017
2025-01-02,-0.0016,0.001,-0.0032,0.00018999999999999998
2025-01-03,0.0134,0.006,-0.009399999999999999,0.00018999999999999998
2025-01-06,0.0055000000000000005,-0.0037,-0.0033,0.00018999999999999998
2025-01-07,-0.0118,-0.0037,0.0084,0.00018999999999999998
2025-01-08,0.001,-0.0060999999999999995,-0.0012,0.00018999999999999998
2025-01-10,-0.0155,-0.009000000000000001,-0.0019,0.00018999999999999998
2025-01-13,0.0012,-0.005699999999999999,0.012,0.00018999999999999998
2025-01-14,0.0017000000000000001,0.0034999999999999996,0.0165,0.00018999999999999998
2025-01-15,0.0191,0.0025,0.0009,0.00018999999999999998
2025-01-16,-0.0019,0.0,0.0017000000000000001,0.00018999999999999998
2025-01-17,0.0096,-0.0054,0.0009,0.00018999999999999998
2025-01-21,0.0096,0.0115,-0.0102,0.00018999999999999998
2025-01-22,0.0054,-0.0045000000000000005,-0.012199999999999999,0.00018999999999999998
2025-01-23,0.0048,0.0006,-0.0026,0.00018999999999999998
2025-01-24,-0.0027,-0.0015,0.0068000000000000005,0.00018999999999999998
2025-01-27,-0.0149,-0.0064,0.0252,0.00018999999999999998
2025-01-28,0.0092,0.0018,-0.0165,0.00018999999999999998
2025-01-29,-0.0043,-0.0004,0.0049,0.00018999999999999998
2025-01-30,0.0058,0.0037,-0.0002,0.00018999999999999998
2025-01-31,-0.0053,-0.0028000000000000004,-0.0018,0.00018999999999999998
2025-02-03,-0.008199999999999999,-0.0070999999999999995,-0.0025,0.00017
2025-02-04,0.0077,0.01,-0.0011,0.00017
2025-02-05,0.0039000000000000003,0.0048,0.003,0.00017
2025-02-06,0.0029,-0.005600000000000001,0.006,0.00017
2025-02-07,-0.0098,-0.0039000000000000003,-0.0002,0.00017
2025-02-10,0.0066,0.003,-0.0111,0.00017
2025-02-11,-0.0014000000000000002,-0.006999999999999999,0.013000000000000001,0.00017
2025-02-12,-0.0031,-0.0049,-0.006500000000000001,0.00017
2025-02-13,0.011000000000000001,0.0034999999999999996,-0.0017000000000000001,0.00017
2025-02-14,0.0002,-0.0018,0.004699999999999999,0.00017
2025-02-18,0.0025,-0.0013,0.0028000000000000004,0.00017
2025-02-19,0.0009,-0.0063,-0.0007000000000000001,0.00017
2025-02-20,-0.0060999999999999995,-0.0048,-0.0014000000000000002,0.00017
2025-02-21,-0.019,-0.011200000000000002,0.0077,0.00017
2025-02-24,-0.005699999999999999,-0.01,0.012,0.00017
2025-02-25,-0.0058,-0.0012,0.006999999999999999,0.00017
2025-02-26,0.0002,0.0018,-0.0034000000000000002,0.00017
2025-02-27,-0.0165,-0.0095,0.0213,0.00017
2025-02-28,0.0159,-0.008,0.0013,0.00017
2025-03-03,-0.019299999999999998,-0.0123,0.0108,0.00016
2025-03-04,-0.0127,0.0096,-0.021,0.00016
2025-03-05,0.0116,0.0038,-0.0083,0.00016
2025-03-06,-0.0192,-0.0011,0.0092,0.00016
2025-03-07,0.004699999999999999,-0.0001,-0.0033,0.00016
2025-03-10,-0.028999999999999998,-0.0076,0.0072,0.00016
2025-03-11,-0.0063,0.0097,-0.0013,0.00016
2025-03-12,0.0051,-0.0003,-0.0033,0.00016
2025-03-13,-0.0149,-0.01,0.014199999999999999,0.00016
2025-03-14,0.022099999999999998,0.0031,0.0008,0.00016
2025-03-17,0.0072,0.0019,0.0014000000000000002,0.00016
2025-03-18,-0.0113,-0.0029,0.0103,0.00016
2025-03-19,0.012,0.0053,-0.0040999999999999995,0.00016
2025-03-20,-0.0024,-0.0046,0.0022,0.00016
2025-03-21,0.0008,-0.0025,-0.0070999999999999995,0.00016
2025-03-24,0.019299999999999998,0.0076,-0.0043,0.00016
2025-03-25,0.0012,-0.009399999999999999,0.0005,0.00016
2025-03-26,-0.012199999999999999,-0.0048,0.0152,0.00016
2025-03-27,-0.0042,0.0019,0.003,0.00016
2025-03-28,-0.0207,-0.0048,0.004,0.00016
2025-03-31,0.004,-0.0108,0.0037,0.00016
2025-04-01,0.004,-0.0038,0.0003,0.00017
2025-04-02,0.008100000000000001,0.0083,-0.0011,0.00017
2025-04-03,-0.0513,-0.0163,-0.005,0.00017
2025-04-04,-0.0592,0.0203,-0.0024,0.00017
2025-04-07,-0.0023,-0.0058,-0.0024,0.00017
2025-04-08,-0.0167,-0.0137,0.0097,0.00017
2025-04-09,0.0965,0.0036,-0.030600000000000002,0.00017
2025-04-10,-0.0354,-0.0091,-0.0014000000000000002,0.00017
2025-04-11,0.0176,-0.0021,-0.0101,0.00017
2025-04-14,0.0079,0.0011,0.0036,0.00017
2025-04-15,-0.0014000000000000002,0.0016,0.0045000000000000005,0.00017
2025-04-16,-0.0222,0.0078000000000000005,0.013300000000000001,0.00017
2025-04-17,0.0022,0.0028000000000000004,0.0074,0.00017
2025-04-21,-0.024,0.0004,0.0069,0.00017
2025-04-22,0.0256,0.0008,0.0024,0.00017
2025-04-23,0.0175,0.0021,-0.0066,0.00017
2025-04-24,0.021400000000000002,0.0034000000000000002,-0.009399999999999999,0.00017
2025-04-25,0.0064,-0.0008,-0.0115,0.00017
2025-04-28,0.0008,0.0022,0.0014000000000000002,0.00017
2025-04-29,0.0058,0.0001,-0.0004,0.00017
2025-04-30,0.0003,-0.0073,-0.006,0.00017
2025-05-01,0.0059,0.0034000000000000002,-0.0029,0.00017999999999999998
2025-05-02,0.015600000000000001,0.006999999999999999,0.0029,0.00017999999999999998
2025-05-05,-0.0066,0.0005,-0.005,0.00017999999999999998
2025-05-06,-0.008100000000000001,-0.0059,0.0062,0.00017999999999999998
2025-05-07,0.004,-0.0026,-0.0004,0.00017999999999999998
2025-05-08,0.0075,0.015700000000000002,-0.0007000000000000001,0.00017999999999999998
2025-05-09,-0.0009,-0.0027,0.005699999999999999,0.00017999999999999998
2025-05-12,0.0336,0.0075,-0.014199999999999999,0.00017999999999999998
2025-05-13,0.0079,-0.0002,-0.0016,0.00017999999999999998
2025-05-14,0.0008,-0.0052,-0.0087,0.00017999999999999998
2025-05-15,0.003,0.0,0.0044,0.00017999999999999998
2025-05-16,0.0074,0.0005,-0.0043,0.00017999999999999998
2025-05-19,0.0001,-0.0040999999999999995,-0.0007000000000000001,0.00017999999999999998
2025-05-20,-0.0037,0.0044,-0.0012,0.00017999999999999998
2025-05-21,-0.0173,-0.0101,-0.003,0.00017999999999999998
2025-05-22,-0.0001,0.0029,-0.0042,0.00017999999999999998
2025-05-23,-0.0067,-0.0007000000000000001,0.0039000000000000003,0.00017999999999999998
2025-05-27,0.0207,0.006,-0.0028000000000000004,0.00017999999999999998
2025-05-28,-0.0062,-0.0031,-0.0023,0.00017999999999999998
2025-05-29,0.0033,-0.0014000000000000002,0.0034000000000000002,0.00017999999999999998
2025-05-30,-0.0002,-0.004,-0.0021,0.00017999999999999998
2025-06-02,0.0039000000000000003,-0.0019,-0.0064,0.00017
2025-06-03,0.0066,0.0105,-0.003,0.00017
2025-06-04,-0.0002,0.0028000000000000004,-0.0125,0.00017
2025-06-05,-0.0051,0.0037,0.001,0.00017
2025-06-06,0.010700000000000001,0.0055000000000000005,0.0006,0.00017
2025-06-09,0.0011,0.0053,-0.0006,0.00017
2025-06-10,0.005,-0.0012,0.003,0.00017
2025-06-11,-0.0032,-0.0023,0.002,0.00017
2025-06-12,0.003,-0.0073,-0.0001,0.00017
2025-06-13,-0.0115,-0.0111,0.0015,0.00017
2025-06-16,0.0097,0.005600000000000001,-0.0036,0.00017
2025-06-17,-0.0088,-0.0027,-0.0005,0.00017
2025-06-18,0.0003,0.0027,0.0037,0.00017
2025-06-20,-0.0022,-0.0025,0.0045000000000000005,0.00017
2025-06-23,0.009300000000000001,0.0051,-0.0011,0.00017
2025-06-24,0.011699999999999999,0.005,-0.0051,0.00017
2025-06-25,-0.0007000000000000001,-0.009399999999999999,-0.0006,0.00017
2025-06-26,0.0088,0.0070999999999999995,0.0032,0.00017
2025-06-27,0.0046,-0.0021,0.0,0.00017
2025-06-30,0.0049,-0.0042,-0.0012,0.00017
